Jogador,Time,#,Nação,Pos.,Idade,Min.,Gols,Assis.,PB,PT,TC,CaG,CrtsA,CrtV,Contatos,Div,Crts,Bloqueios,xG,npxG,xAG,SCA,GCA,Cmp,Att,Cmp%,PrgP,Conduções,PrgC,Tent,Suc,Data
Patrick Cutrone,Como,10,ITA,FW,26-255,77,1,0,0,0,3,1,0,0,22,0,0,1,0.3,0.3,0.0,2,0,10,15,"66,7",1,13,4,1,0,2024-09-14
Andrea Belotti,Como,11,ITA,FW,30-269,13,0,0,0,0,2,0,0,0,11,0,0,0,0.4,0.4,0.0,1,0,5,8,"62,5",2,4,0,0,0,2024-09-14
Alieu Fadera,Como,16,GAM,LW,22-316,77,0,0,0,0,1,0,0,0,32,4,0,2,0.0,0.0,0.0,2,0,15,22,"68,2",1,22,5,2,1,2024-09-14
Lucas Da Cunha,Como,33,FRA,LW,23-097,13,0,0,0,0,0,0,0,0,13,2,0,1,0.0,0.0,0.1,2,0,8,10,"80,0",0,5,2,0,0,2024-09-14
Gabriel Strefezza,Como,7,BRA,RW,27-149,87,0,1,0,0,1,0,0,0,33,1,1,1,0.1,0.1,0.3,5,1,17,24,"70,8",7,22,3,4,2,2024-09-14
Matthias Braunöder,Como,27,AUT,RW,22-171,3,0,0,0,0,0,0,0,0,5,2,0,0,0.0,0.0,0.0,0,0,1,2,"50,0",0,2,0,2,1,2024-09-14
Nicolás Paz,Como,79,ARG,AM,20-006,90,0,0,0,0,3,0,0,0,45,2,1,4,0.1,0.1,0.4,8,1,24,28,"85,7",5,26,5,6,3,2024-09-14
Sergi Roberto,Como,20,ESP,DM,32-220,87,0,0,0,0,0,0,0,0,40,1,1,0,0.0,0.0,0.1,1,0,29,32,"90,6",2,14,0,1,0,2024-09-14
Luca Mazzitelli,Como,36,ITA,DM,28-304,3,0,0,0,0,0,0,0,0,10,1,1,1,0.0,0.0,0.0,1,0,3,5,"60,0",0,4,0,2,1,2024-09-14
Máximo Perrone,Como,23,ARG,DM,21-251,90,0,0,0,0,0,0,0,0,49,4,1,2,0.0,0.0,0.0,1,0,35,41,"85,4",1,15,0,0,0,2024-09-14
Alberto Moreno,Como,18,ESP,LB,32-071,90,0,0,0,0,1,1,1,0,47,1,0,1,0.1,0.1,0.0,1,0,32,40,"80,0",3,14,0,0,0,2024-09-14
Marc-Oliver Kempf,Como,2,GER,CB,29-230,90,0,0,0,0,0,0,0,0,66,1,1,1,0.0,0.0,0.1,1,0,47,57,"82,5",1,24,0,0,0,2024-09-14
Alberto Dossena,Como,13,ITA,CB,25-337,66,0,0,0,0,3,2,0,0,41,1,0,0,0.1,0.1,0.0,1,0,28,34,"82,4",1,25,0,1,1,2024-09-14
Edoardo Goldaniga,Como,5,ITA,CB,30-317,24,0,0,0,0,0,0,0,0,17,2,2,1,0.0,0.0,0.0,0,0,12,14,"85,7",1,7,0,0,0,2024-09-14
Alessio Iovine,Como,6,ITA,RB,33-226,90,0,0,0,0,0,0,1,0,45,1,0,1,0.0,0.0,0.0,1,0,30,38,"78,9",1,14,0,0,0,2024-09-14
Emil Audero,Como,1,ITA,GK,27-240,90,0,0,0,0,0,0,0,0,40,0,0,0,0.0,0.0,0.0,0,0,30,40,"75,0",0,31,0,0,0,2024-09-14
Thijs Dallinga,Bologna,24,NED,FW,24-042,62,0,0,0,0,1,0,0,0,19,1,0,0,0.1,0.1,0.0,0,0,10,13,"76,9",0,11,0,0,0,2024-09-14
Santiago Castro,Bologna,9,ARG,FW,19-351,28,1,1,0,0,1,1,0,0,9,0,0,0,0.3,0.3,0.0,4,2,6,6,"100,0",1,7,0,2,1,2024-09-14
Jens Odgaard,Bologna,21,DEN,LM,25-167,79,0,0,0,0,4,1,0,0,41,0,0,0,0.2,0.2,0.0,3,1,22,28,"78,6",0,23,2,4,2,2024-09-14
Dan Ndoye,Bologna,11,SUI,LM,23-325,11,0,0,0,0,0,0,0,0,15,0,0,1,0.0,0.0,0.0,0,0,6,10,"60,0",1,6,1,4,2,2024-09-14
Tommaso Pobega,Bologna,18,ITA,CM,25-061,90,0,0,0,0,2,0,1,0,45,5,0,3,0.1,0.1,0.0,2,0,30,33,"90,9",4,13,1,0,0,2024-09-14
Michel Aebischer,Bologna,20,SUI,CM,27-252,45,0,0,0,0,0,0,0,0,21,1,0,1,0.0,0.0,0.1,1,0,12,15,"80,0",2,12,1,0,0,2024-09-14
Giovanni Fabbian,Bologna,80,ITA,CM,21-244,45,0,0,0,0,2,1,0,0,9,0,0,0,0.2,0.2,0.0,0,0,4,5,"80,0",0,5,0,0,0,2024-09-14
Riccardo Orsolini,Bologna,7,ITA,RM,27-234,62,0,0,0,0,2,0,0,0,26,0,1,0,0.2,0.2,0.0,1,0,10,18,"55,6",3,14,0,3,2,2024-09-14
Samuel Iling-Junior,Bologna,14,ENG,RM,20-346,28,1,0,0,0,1,1,0,0,30,0,1,0,0.0,0.0,0.1,1,0,16,23,"69,6",2,17,0,5,2,2024-09-14
Remo Freuler,Bologna,8,SUI,DM,32-152,90,0,0,0,0,0,0,0,0,66,3,1,1,0.0,0.0,0.1,3,0,55,58,"94,8",6,28,3,1,1,2024-09-14
Juan Miranda,Bologna,33,ESP,LB,24-239,90,0,0,0,0,1,0,0,0,64,4,0,0,0.0,0.0,0.1,3,0,48,59,"81,4",7,28,1,0,0,2024-09-14
Nicolò Casale,Bologna,15,ITA,CB,26-213,79,0,0,0,0,0,0,0,0,71,0,1,2,0.0,0.0,0.0,0,0,56,65,"86,2",1,41,0,0,0,2024-09-14
Jhon Lucumí,Bologna,26,COL,CB,26-080,11,0,0,0,0,0,0,0,0,26,0,0,0,0.0,0.0,0.0,0,0,23,25,"92,0",4,20,0,0,0,2024-09-14
Sam Beukema,Bologna,31,NED,CB,25-302,90,0,0,0,0,0,0,0,0,78,2,1,1,0.0,0.0,0.0,0,0,62,71,"87,3",12,49,1,0,0,2024-09-14
Stefan Posch,Bologna,3,AUT,RB,27-123,90,0,0,0,0,0,0,0,0,64,5,0,1,0.0,0.0,0.2,3,0,35,54,"64,8",4,29,0,2,0,2024-09-14
Łukasz Skorupski,Bologna,1,POL,GK,33-132,90,0,0,0,0,0,0,0,0,39,0,0,0,0.0,0.0,0.0,0,0,34,38,"89,5",0,26,0,0,0,2024-09-14
Lorenzo Colombo,Empoli,29,ITA,FW,22-190,62,0,0,0,0,1,0,0,0,25,1,0,0,0.0,0.0,0.0,2,0,9,14,"64,3",0,15,2,6,2,2024-09-14
Pietro Pellegri,Empoli,9,ITA,FW,23-181,28,0,0,0,0,0,0,1,0,9,1,0,0,0.0,0.0,0.3,2,0,6,7,"85,7",3,7,1,0,0,2024-09-14
Youssef Maleh,Empoli,93,MAR,AM,26-023,90,0,0,0,0,2,1,0,0,39,3,1,1,0.1,0.1,0.1,0,0,17,26,"65,4",2,10,0,2,0,2024-09-14
Sebastiano Esposito,Empoli,99,ITA,AM,22-074,76,0,0,0,0,2,1,0,0,28,1,0,1,0.0,0.0,0.0,1,0,17,19,"89,5",3,10,1,0,0,2024-09-14
Emmanuel Ekong,Empoli,19,SWE,AM,22-081,14,0,0,0,0,0,0,0,0,6,0,1,0,0.0,0.0,0.0,1,0,4,5,"80,0",2,4,3,0,0,2024-09-14
Alberto Grassi,Empoli,5,ITA,CM,29-191,76,0,0,0,0,1,1,0,0,37,2,1,2,0.2,0.2,0.0,1,0,23,29,"79,3",1,14,0,0,0,2024-09-14
Faustino Anjorin,Empoli,8,ENG,CM,22-296,14,0,0,0,0,0,0,0,0,10,0,0,0,0.0,0.0,0.0,0,0,5,8,"62,5",0,2,1,0,0,2024-09-14
Liam Henderson,Empoli,6,SCO,CM,28-142,89,0,0,0,0,0,0,0,0,39,2,1,0,0.0,0.0,0.0,3,0,28,33,"84,8",4,13,0,0,0,2024-09-14
Nicolas Haas,Empoli,32,SUI,CM,28-235,1,0,0,0,0,0,0,0,0,1,0,0,0,0.0,0.0,0.0,1,0,1,1,"100,0",0,1,0,0,0,2024-09-14
Giuseppe Pezzella,Empoli,3,ITA,WB,26-290,90,0,0,0,0,0,0,0,0,42,3,0,0,0.0,0.0,0.0,0,0,17,32,"53,1",0,17,1,3,0,2024-09-14
Emmanuel Gyasi,Empoli,11,GHA,WB,30-247,90,0,0,0,0,1,0,0,0,50,3,0,1,0.1,0.1,0.0,3,0,31,39,"79,5",0,22,0,2,1,2024-09-14
Mattia Viti,Empoli,21,ITA,CB,22-234,90,0,0,0,0,1,0,0,0,57,4,0,1,0.1,0.1,0.0,1,0,37,42,"88,1",3,19,0,0,0,2024-09-14
Ardian Ismajli,Empoli,34,ALB,CB,27-350,90,0,0,0,0,0,0,0,0,54,1,1,4,0.0,0.0,0.0,0,0,35,39,"89,7",1,21,0,0,0,2024-09-14
Saba Goglichidze,Empoli,2,GEO,CB,20-081,90,0,0,0,0,0,0,0,0,51,3,0,1,0.0,0.0,0.0,0,0,40,47,"85,1",1,30,1,0,0,2024-09-14
Devis Vásquez,Empoli,23,COL,GK,26-125,90,0,0,0,0,0,0,0,0,33,0,0,0,0.0,0.0,0.0,0,0,15,29,"51,7",0,21,0,0,0,2024-09-14
Dušan Vlahović,Juventus,9,SRB,FW,24-230,90,0,0,0,0,4,1,0,0,28,0,0,0,0.4,0.4,0.0,1,0,12,20,"60,0",1,14,0,2,0,2024-09-14
Kenan Yıldız,Juventus,10,TUR,LW,19-133,65,0,0,0,0,1,0,0,0,29,1,0,0,0.0,0.0,0.1,2,0,17,23,"73,9",2,14,4,4,2,2024-09-14
Samuel Mbangula,Juventus,51,BEL,LW,20-242,25,0,0,0,0,0,0,0,0,17,0,0,2,0.0,0.0,0.0,0,0,8,10,"80,0",0,8,0,2,0,2024-09-14
Nicolás González,Juventus,11,ARG,RW,26-161,66,0,0,0,0,1,0,0,0,38,0,0,2,0.1,0.1,0.1,2,0,23,28,"82,1",2,21,1,3,0,2024-09-14
Timothy Weah,Juventus,22,USA,RW,24-205,24,0,0,0,0,0,0,0,0,21,2,1,1,0.0,0.0,0.0,0,0,13,15,"86,7",1,11,2,2,1,2024-09-14
Teun Koopmeiners,Juventus,8,NED,AM,26-199,90,0,0,0,0,3,1,0,0,71,2,0,0,0.2,0.2,0.2,4,0,55,61,"90,2",6,25,0,2,0,2024-09-14
Douglas Luiz,Juventus,26,BRA,DM,26-128,66,0,0,0,0,0,0,0,0,44,1,0,0,0.0,0.0,0.2,3,0,34,41,"82,9",2,12,3,1,1,2024-09-14
Nicolò Fagioli,Juventus,21,ITA,DM,23-215,24,0,0,0,0,2,0,0,0,30,0,0,0,0.1,0.1,0.1,3,0,22,26,"84,6",1,20,3,1,0,2024-09-14
Manuel Locatelli,Juventus,5,ITA,DM,26-250,65,0,0,0,0,0,0,0,0,83,2,0,3,0.0,0.0,0.0,2,0,69,75,"92,0",9,36,0,0,0,2024-09-14
Khéphren Thuram,Juventus,19,FRA,DM,23-172,25,0,0,0,0,0,0,1,0,31,0,0,0,0.0,0.0,0.0,0,0,27,30,"90,0",1,21,0,0,0,2024-09-14
Andrea Cambiaso,Juventus,27,ITA,LB,24-207,90,0,0,0,0,1,0,0,0,83,0,1,0,0.0,0.0,0.1,4,0,73,74,"98,6",7,41,2,3,1,2024-09-14
Gleison Bremer,Juventus,3,BRA,CB,27-180,90,0,0,0,0,2,0,1,0,97,3,0,0,0.1,0.1,0.0,2,0,79,87,"90,8",4,42,1,3,3,2024-09-14
Federico Gatti,Juventus,4,ITA,CB,26-082,90,0,0,0,0,1,1,0,0,92,4,1,2,0.1,0.1,0.0,1,0,73,76,"96,1",1,43,0,1,1,2024-09-14
Pierre Kalulu,Juventus,15,FRA,RB,24-101,90,0,0,0,0,0,0,0,0,97,1,1,1,0.0,0.0,0.1,3,0,88,94,"93,6",5,47,1,1,0,2024-09-14
Mattia Perin,Juventus,1,ITA,GK,31-309,90,0,0,0,0,0,0,0,0,40,0,0,0,0.0,0.0,0.0,0,0,31,40,"77,5",0,21,0,0,0,2024-09-14
Tammy Abraham,Milan,90,ENG,FW,26-348,73,1,0,1,1,0,0,0,0,18,2,1,1,0.8,0.0,0.0,1,1,7,11,"63,6",1,5,0,1,0,2024-09-14
Yunus Musah,Milan,80,USA,DM,21-290,17,0,0,0,0,0,0,0,0,26,1,0,0,0.0,0.0,0.0,0,0,24,25,"96,0",2,21,0,0,0,2024-09-14
Rafael Leão,Milan,10,POR,LW,25-096,63,0,1,0,0,1,1,0,0,29,0,0,0,0.2,0.2,0.1,3,2,21,25,"84,0",1,19,4,3,1,2024-09-14
Álvaro Morata,Milan,7,ESP,"FW,AM",31-327,27,0,0,0,0,0,0,0,0,9,0,0,2,0.0,0.0,0.0,1,0,3,4,"75,0",0,5,0,0,0,2024-09-14
Christian Pulisic,Milan,11,USA,"RW,RM",25-362,78,1,1,1,1,1,1,0,0,53,3,0,0,0.8,0.0,0.2,4,1,30,42,"71,4",4,28,2,2,1,2024-09-14
Samuel Chukwueze,Milan,21,NGA,RW,25-115,12,0,0,0,0,0,0,0,0,15,0,0,0,0.0,0.0,0.0,0,0,13,15,"86,7",0,10,0,0,0,2024-09-14
Ruben Loftus-Cheek,Milan,8,ENG,"LM,AM",28-235,90,0,0,0,0,2,0,0,0,63,4,0,0,0.1,0.1,0.2,5,1,45,50,"90,0",4,36,2,2,2,2024-09-14
Youssouf Fofana,Milan,29,FRA,"CM,DM",25-248,78,1,0,0,0,1,1,0,0,42,0,1,0,0.1,0.1,0.0,0,0,36,40,"90,0",5,28,0,2,1,2024-09-14
Kevin Zeroli,Milan,18,ITA,DM,19-247,12,0,0,0,0,0,0,0,0,9,1,0,0,0.0,0.0,0.0,0,0,9,9,"100,0",2,7,1,0,0,2024-09-14
Tijjani Reijnders,Milan,14,NED,RM,26-047,62,0,0,0,0,2,1,0,0,25,0,0,0,0.1,0.1,0.0,2,2,19,21,"90,5",6,14,4,1,0,2024-09-14
Noah Okafor,Milan,17,SUI,"LW,FW",24-113,28,0,0,0,0,1,1,0,0,18,1,0,0,0.0,0.0,0.0,0,0,12,15,"80,0",0,12,4,0,0,2024-09-14
Theo Hernández,Milan,19,FRA,LB,26-344,90,1,0,0,0,1,1,0,0,101,0,2,1,0.1,0.1,0.0,2,1,83,88,"94,3",7,64,2,1,0,2024-09-14
Strahinja Pavlović,Milan,31,SRB,CB,23-113,90,0,0,0,0,0,0,0,0,88,2,0,0,0.0,0.0,0.0,1,0,75,79,"94,9",2,60,0,0,0,2024-09-14
Matteo Gabbia,Milan,46,ITA,CB,24-329,90,0,0,0,0,1,0,1,0,71,0,0,1,0.0,0.0,0.0,0,0,59,65,"90,8",1,47,0,0,0,2024-09-14
Emerson,Milan,22,BRA,RB,25-244,90,0,0,0,0,0,0,0,0,89,2,2,0,0.0,0.0,0.1,2,0,71,77,"92,2",5,57,3,2,0,2024-09-14
Mike Maignan,Milan,16,FRA,GK,29-073,90,0,0,0,0,0,0,0,0,38,0,0,0,0.0,0.0,0.0,0,0,36,37,"97,3",0,26,0,0,0,2024-09-14
Joel Pohjanpalo,Venezia,20,FIN,FW,30-001,78,0,0,0,0,0,0,0,0,16,0,0,0,0.0,0.0,0.0,0,0,9,12,"75,0",0,5,0,0,0,2024-09-14
Antonio Raimondo,Venezia,45,ITA,FW,20-180,12,0,0,0,0,0,0,0,0,2,0,0,0,0.0,0.0,0.0,0,0,2,2,"100,0",0,1,0,0,0,2024-09-14
Gianluca Busio,Venezia,6,USA,LM,22-109,78,0,0,0,0,0,0,0,0,39,1,0,3,0.0,0.0,0.0,1,0,26,31,"83,9",2,27,3,3,1,2024-09-14
Magnus Kofod Andersen,Venezia,38,DEN,LM,25-127,12,0,0,0,0,0,0,0,0,7,1,0,0,0.0,0.0,0.0,0,0,4,5,"80,0",0,4,0,0,0,2024-09-14
Hans Nicolussi Caviglia,Venezia,14,ITA,CM,24-088,72,0,0,0,0,1,0,2,1,33,1,0,1,0.0,0.0,0.1,2,0,22,26,"84,6",3,22,1,1,1,2024-09-14
Alfred Duncan,Venezia,32,GHA,CM,31-188,63,0,0,0,0,1,0,0,0,32,1,1,0,0.0,0.0,0.0,0,0,17,26,"65,4",2,17,0,0,0,2024-09-14
Issa Doumbia,Venezia,97,CIV,CM,20-334,27,0,0,0,0,0,0,0,0,12,0,0,0,0.0,0.0,0.0,0,0,9,10,"90,0",2,9,1,0,0,2024-09-14
Gaetano Oristanio,Venezia,11,ITA,RM,21-352,63,0,0,0,0,3,1,0,0,20,1,0,0,0.2,0.2,0.0,2,0,8,12,"66,7",2,14,0,3,3,2024-09-14
John Yeboah,Venezia,10,ECU,RM,24-083,27,0,0,0,0,0,0,0,0,8,1,0,0,0.0,0.0,0.0,0,0,4,4,"100,0",0,6,1,2,0,2024-09-14
Francesco Zampano,Venezia,7,ITA,LB,30-350,88,0,0,0,0,0,0,0,0,47,1,1,0,0.0,0.0,0.0,1,0,38,41,"92,7",5,30,6,2,1,2024-09-14
Franco Carboni,Venezia,79,ITA,LB,21-163,2,0,0,0,0,0,0,0,0,4,0,0,0,0.0,0.0,0.0,0,0,2,2,"100,0",0,3,0,1,1,2024-09-14
Jay Idzes,Venezia,4,IDN,CB,24-104,90,0,0,0,0,0,0,0,0,70,1,0,1,0.0,0.0,0.0,1,0,51,61,"83,6",2,41,0,0,0,2024-09-14
Michael Svoboda,Venezia,30,AUT,CB,25-335,90,0,0,0,0,0,0,0,0,56,1,2,1,0.0,0.0,0.0,1,0,42,49,"85,7",1,39,0,0,0,2024-09-14
Joël Schingtienne,Venezia,25,BEL,CB,22-033,90,0,0,0,0,0,0,1,0,38,4,1,1,0.0,0.0,0.0,0,0,28,29,"96,6",0,22,0,0,0,2024-09-14
Antonio Candela,Venezia,27,ITA,RB,24-140,90,0,0,0,0,1,0,0,0,30,3,0,0,0.0,0.0,0.0,2,0,17,24,"70,8",1,21,0,2,1,2024-09-14
Jesse Joronen,Venezia,1,FIN,GK,31-177,90,0,0,0,0,0,0,0,0,45,0,0,0,0.0,0.0,0.0,0,0,31,42,"73,8",0,31,0,0,0,2024-09-14
Caleb Ekuban,Genoa,18,GHA,"FW,RW",30-176,79,0,0,0,0,5,1,0,0,21,0,0,1,0.2,0.2,0.0,0,0,9,10,"90,0",1,13,1,2,1,2024-09-15
Jeff Ekhator,Genoa,21,ITA,RW,17-309,11,0,0,0,0,0,0,0,0,3,0,0,0,0.0,0.0,0.0,1,0,2,3,"66,7",0,2,0,0,0,2024-09-15
Andrea Pinamonti,Genoa,19,ITA,FW,25-119,90,0,0,0,0,2,0,0,0,13,1,0,0,0.1,0.1,0.0,0,0,6,7,"85,7",1,7,0,0,0,2024-09-15
Morten Frendrup,Genoa,32,DEN,"RM,CM",23-161,90,0,0,0,0,0,0,0,0,50,6,2,3,0.0,0.0,0.0,2,0,34,38,"89,5",6,28,1,2,2,2024-09-15
Milan Badelj,Genoa,47,CRO,CM,35-203,79,0,0,0,0,1,0,0,0,46,1,1,1,0.1,0.1,0.0,3,0,29,38,"76,3",5,25,2,0,0,2024-09-15
Emil Bohinen,Genoa,8,NOR,CM,25-187,11,0,0,0,0,0,0,0,0,19,0,0,1,0.0,0.0,0.0,2,0,10,14,"71,4",0,8,1,0,0,2024-09-15
Morten Thorsby,Genoa,2,NOR,CM,28-133,45,0,0,0,0,0,0,0,0,13,2,1,0,0.0,0.0,0.2,1,0,2,6,"33,3",0,3,0,0,0,2024-09-15
Ruslan Malinovskyi,Genoa,17,UKR,LM,31-134,45,0,0,0,0,2,2,0,0,43,3,0,0,0.1,0.1,0.1,6,0,36,37,"97,3",8,30,0,0,0,2024-09-15
Aarón Martín,Genoa,3,ESP,"LB,WB",27-146,90,0,0,0,0,1,1,0,0,67,5,1,0,0.0,0.0,0.3,9,1,38,56,"67,9",6,37,6,0,0,2024-09-15
Stefano Sabelli,Genoa,20,ITA,"RB,WB",31-246,90,0,0,0,0,1,0,0,0,61,4,0,0,0.0,0.0,0.0,1,0,26,48,"54,2",2,29,3,3,0,2024-09-15
Johan Vásquez,Genoa,22,MEX,CB,25-329,90,0,0,0,0,2,0,0,0,72,0,1,3,0.1,0.1,0.1,2,0,53,59,"89,8",5,44,3,0,0,2024-09-15
Koni De Winter,Genoa,4,BEL,CB,22-095,90,1,0,0,0,2,2,1,0,59,1,3,0,0.2,0.2,0.1,0,0,41,46,"89,1",2,34,0,0,0,2024-09-15
Alessandro Vogliacco,Genoa,14,ITA,CB,26-001,45,0,0,0,0,1,0,0,0,33,2,0,0,0.2,0.2,0.0,1,0,23,29,"79,3",0,18,0,0,0,2024-09-15
Vitinha,Genoa,9,POR,LW,24-184,45,0,1,0,0,3,1,0,0,22,0,1,0,0.1,0.1,0.2,4,1,10,14,"71,4",2,16,0,3,1,2024-09-15
Pierluigi Gollini,Genoa,95,ITA,GK,29-181,90,0,0,0,0,0,0,0,0,34,0,0,1,0.0,0.0,0.0,1,0,27,30,"90,0",0,18,0,0,0,2024-09-15
Artem Dovbyk,Roma,11,UKR,FW,27-086,80,1,0,0,0,3,3,0,0,23,0,0,0,1.1,1.1,0.0,0,0,9,17,"52,9",0,9,0,1,1,2024-09-15
Eldor Shomurodov,Roma,14,UZB,FW,29-078,10,0,0,0,0,0,0,1,0,6,0,0,0,0.0,0.0,0.0,0,0,3,4,"75,0",0,3,0,1,1,2024-09-15
Paulo Dybala,Roma,21,ARG,FW,30-305,61,0,0,0,0,1,0,0,0,51,1,0,1,0.0,0.0,0.7,5,0,34,39,"87,2",4,26,1,3,0,2024-09-15
Tommaso Baldanzi,Roma,35,ITA,FW,21-176,29,0,0,0,0,0,0,0,0,10,1,0,1,0.0,0.0,0.1,3,0,4,4,"100,0",0,4,1,3,1,2024-09-15
Niccolò Pisilli,Roma,61,ITA,DM,19-358,61,0,0,0,0,2,1,1,0,36,2,0,4,0.1,0.1,0.0,4,1,17,21,"81,0",4,18,1,3,0,2024-09-15
Lorenzo Pellegrini,Roma,7,ITA,DM,28-088,29,0,0,0,0,0,0,1,0,16,0,0,0,0.0,0.0,0.1,2,0,8,11,"72,7",0,5,0,2,0,2024-09-15
Bryan Cristante,Roma,4,ITA,DM,29-196,90,0,0,0,0,3,0,0,0,71,3,2,3,0.1,0.1,0.0,0,0,49,57,"86,0",7,26,1,1,1,2024-09-15
Manu Koné,Roma,17,FRA,DM,23-121,90,0,0,0,0,3,0,0,0,49,2,2,1,0.3,0.3,0.0,3,0,31,38,"81,6",3,25,2,1,1,2024-09-15
Alexis Saelemaekers,Roma,56,BEL,WB,25-080,49,0,0,0,0,0,0,0,0,37,4,0,0,0.0,0.0,0.1,2,0,26,31,"83,9",2,18,2,3,2,2024-09-15
Mario Hermoso,Roma,22,ESP,CB,29-089,41,0,0,0,0,0,0,0,0,20,1,1,1,0.0,0.0,0.0,1,0,8,11,"72,7",1,6,0,2,1,2024-09-15
Stephan El Shaarawy,Roma,92,ITA,WB,31-324,61,0,0,0,0,2,1,0,0,25,0,2,0,0.4,0.4,0.1,2,0,14,19,"73,7",0,9,1,1,0,2024-09-15
Zeki Çelik,Roma,19,TUR,WB,27-211,29,0,0,0,0,0,0,0,0,14,2,0,1,0.0,0.0,0.0,0,0,6,8,"75,0",0,3,0,0,0,2024-09-15
Angeliño,Roma,3,ESP,"CB,WB",27-255,90,0,0,0,0,0,0,0,0,87,1,2,1,0.0,0.0,0.1,3,0,62,74,"83,8",3,39,1,2,1,2024-09-15
Obite N'Dicka,Roma,5,CIV,CB,25-026,90,0,0,0,0,1,0,0,0,66,1,1,1,0.1,0.1,0.3,1,0,53,53,"100,0",1,32,0,0,0,2024-09-15
Gianluca Mancini,Roma,23,ITA,CB,28-151,90,0,0,0,0,1,0,0,0,46,1,0,1,0.1,0.1,0.4,2,0,31,40,"77,5",2,23,1,0,0,2024-09-15
Mile Svilar,Roma,99,SRB,GK,25-019,90,0,0,0,0,0,0,0,0,40,0,0,0,0.0,0.0,0.0,0,0,25,38,"65,8",0,22,0,0,0,2024-09-15
Mateo Retegui,Atalanta,32,ITA,FW,25-139,69,1,0,0,0,2,1,0,0,22,2,0,0,0.4,0.4,0.1,1,0,9,12,"75,0",1,14,0,1,1,2024-09-15
Mario Pašalić,Atalanta,8,CRO,CM,29-219,21,0,0,0,0,0,0,0,0,17,1,0,0,0.0,0.0,0.2,3,0,13,15,"86,7",2,7,1,0,0,2024-09-15
Charles De Ketelaere,Atalanta,17,BEL,"AM,FW",23-189,90,1,1,0,0,2,2,0,0,43,0,0,0,0.3,0.3,0.5,4,1,26,36,"72,2",4,26,3,3,0,2024-09-15
Ademola Lookman,Atalanta,11,NGA,AM,26-331,90,1,1,0,0,5,2,0,0,46,4,0,3,0.8,0.8,0.4,8,2,22,28,"78,6",4,28,4,5,5,2024-09-15
Éderson,Atalanta,13,BRA,CM,25-070,90,0,1,0,0,0,0,0,0,62,0,1,1,0.0,0.0,0.2,1,1,42,50,"84,0",6,32,0,3,0,2024-09-15
Marten de Roon,Atalanta,15,NED,"CB,CM",33-170,90,0,0,0,0,0,0,0,0,77,1,0,7,0.0,0.0,0.0,1,1,46,63,"73,0",6,37,0,0,0,2024-09-15
Matteo Ruggeri,Atalanta,22,ITA,WB,22-066,69,0,0,0,0,0,0,0,0,39,0,0,0,0.0,0.0,0.0,0,0,30,37,"81,1",4,17,1,0,0,2024-09-15
Davide Zappacosta,Atalanta,77,ITA,WB,32-096,21,0,0,0,0,2,1,1,0,19,1,0,0,0.1,0.1,0.0,3,0,11,14,"78,6",1,9,2,2,0,2024-09-15
Raoul Bellanova,Atalanta,16,ITA,WB,24-121,90,0,0,0,0,1,1,0,0,44,2,1,0,0.0,0.0,0.2,3,1,31,35,"88,6",5,12,0,1,0,2024-09-15
Sead Kolašinac,Atalanta,23,BIH,CB,31-087,90,0,0,0,0,1,0,0,0,46,1,1,0,0.0,0.0,0.0,0,0,36,42,"85,7",2,31,3,0,0,2024-09-15
Isak Hien,Atalanta,4,SWE,CB,25-246,45,0,0,0,0,0,0,1,0,33,0,0,1,0.0,0.0,0.0,0,0,26,30,"86,7",1,23,0,0,0,2024-09-15
Marco Brescianini,Atalanta,44,ITA,"AM,CM",24-239,45,0,0,0,0,0,0,0,0,15,1,0,2,0.0,0.0,0.0,0,0,9,10,"90,0",0,10,1,0,0,2024-09-15
Berat Djimsiti,Atalanta,19,ALB,CB,31-209,90,0,0,0,0,0,0,0,0,62,1,2,2,0.0,0.0,0.0,0,0,43,52,"82,7",2,25,0,0,0,2024-09-15
Marco Carnesecchi,Atalanta,29,ITA,GK,24-076,90,0,0,0,0,0,0,0,0,36,0,0,0,0.0,0.0,0.0,0,0,21,33,"63,6",0,25,0,0,0,2024-09-15
Moise Kean,Fiorentina,20,ITA,FW,24-200,90,1,0,0,0,4,1,0,0,32,0,0,1,0.8,0.8,0.0,5,0,14,17,"82,4",0,17,2,4,2,2024-09-15
Edoardo Bove,Fiorentina,4,ITA,AM,22-122,73,0,0,0,0,0,0,1,0,25,0,1,0,0.0,0.0,0.0,3,0,8,19,"42,1",0,16,2,2,1,2024-09-15
Riccardo Sottil,Fiorentina,7,ITA,AM,25-104,17,0,0,0,0,1,0,0,0,9,0,0,0,0.0,0.0,0.0,0,0,4,7,"57,1",0,6,3,1,0,2024-09-15
Andrea Colpani,Fiorentina,23,ITA,AM,25-127,61,0,0,0,0,2,1,0,0,17,1,0,1,0.1,0.1,0.0,2,0,7,11,"63,6",2,11,0,2,1,2024-09-15
Jonathan Ikone,Fiorentina,11,FRA,AM,26-136,29,0,0,0,0,0,0,0,0,8,0,0,0,0.0,0.0,0.0,0,0,3,7,"42,9",1,4,0,1,0,2024-09-15
Rolando Mandragora,Fiorentina,8,ITA,CM,27-078,61,0,0,0,0,1,1,1,0,34,0,0,0,0.0,0.0,0.6,3,0,25,33,"75,8",4,18,0,0,0,2024-09-15
Amir Richardson,Fiorentina,24,MAR,CM,22-235,29,0,0,0,0,0,0,1,0,24,4,0,0,0.0,0.0,0.0,0,0,14,17,"82,4",2,11,1,0,0,2024-09-15
Danilo Cataldi,Fiorentina,32,ITA,CM,30-040,73,0,0,0,0,1,0,0,0,31,3,0,0,0.0,0.0,0.0,0,0,21,25,"84,0",1,15,0,0,0,2024-09-15
Yacine Adli,Fiorentina,29,FRA,CM,24-048,17,0,0,0,0,0,0,0,0,15,0,1,0,0.0,0.0,0.0,0,0,11,14,"78,6",2,10,1,0,0,2024-09-15
Robin Gosens,Fiorentina,21,GER,WB,30-072,90,0,1,0,0,2,1,0,0,57,3,0,0,0.5,0.5,0.7,7,2,35,45,"77,8",4,32,0,1,0,2024-09-15
Dodô,Fiorentina,2,BRA,WB,25-303,90,0,0,0,0,0,0,0,0,56,2,2,3,0.0,0.0,0.0,0,0,31,45,"68,9",5,29,7,4,2,2024-09-15
Cristiano Biraghi,Fiorentina,3,ITA,CB,32-014,90,0,0,0,0,0,0,0,0,61,1,2,1,0.0,0.0,0.0,1,0,48,56,"85,7",2,29,0,0,0,2024-09-15
Luca Ranieri,Fiorentina,6,ITA,CB,25-145,80,0,0,0,0,1,0,0,0,49,0,1,0,0.0,0.0,0.0,1,0,32,39,"82,1",1,22,1,2,1,2024-09-15
Marin Pongračić,Fiorentina,5,CRO,CB,27-004,10,0,0,0,0,0,0,0,0,8,0,0,0,0.0,0.0,0.0,0,0,7,8,"87,5",0,1,0,0,0,2024-09-15
Lucas Martínez Quarta,Fiorentina,28,ARG,CB,28-128,90,1,0,0,0,1,1,0,0,66,3,0,1,0.5,0.5,0.0,0,0,47,57,"82,5",1,38,0,0,0,2024-09-15
David de Gea,Fiorentina,43,ESP,GK,33-313,90,0,0,0,0,0,0,0,0,40,0,0,0,0.0,0.0,0.0,1,0,26,37,"70,3",0,18,0,0,0,2024-09-15
Che Adams,Torino,18,SCO,FW,28-064,90,0,0,0,0,0,0,0,0,26,0,0,0,0.0,0.0,0.1,3,0,15,23,"65,2",0,10,0,0,0,2024-09-15
Duván Zapata,Torino,91,COL,FW,33-167,73,0,0,0,0,2,0,0,0,21,0,0,0,0.1,0.1,0.0,1,0,9,16,"56,3",2,14,1,0,0,2024-09-15
Yann Karamoh,Torino,7,FRA,FW,26-069,17,0,0,0,0,0,0,0,0,8,0,0,0,0.0,0.0,0.0,0,0,6,8,"75,0",2,5,0,0,0,2024-09-15
Ivan Ilić,Torino,8,SRB,CM,23-182,73,0,0,0,0,2,0,0,0,41,0,0,0,0.1,0.1,0.3,2,0,26,34,"76,5",3,26,2,0,0,2024-09-15
Gvidas Gineitis,Torino,66,LTU,CM,20-153,17,0,0,0,0,0,0,0,0,11,0,0,0,0.0,0.0,0.0,0,0,8,11,"72,7",0,8,0,0,0,2024-09-15
Karol Linetty,Torino,77,POL,CM,29-226,61,0,0,0,0,0,0,0,0,35,1,1,1,0.0,0.0,0.0,1,0,20,26,"76,9",2,20,1,1,0,2024-09-15
Adrien Tameze,Torino,61,CMR,CM,30-224,29,0,0,0,0,0,0,0,0,19,0,0,0,0.0,0.0,0.0,0,0,13,17,"76,5",6,13,1,1,0,2024-09-15
Samuele Ricci,Torino,28,ITA,CM,23-025,90,0,0,0,0,1,0,0,0,55,0,1,0,0.3,0.3,0.0,1,0,43,46,"93,5",10,38,4,0,0,2024-09-15
Valentino Lazaro,Torino,20,AUT,WB,28-175,90,0,0,0,0,0,0,0,0,69,1,0,2,0.0,0.0,0.0,1,0,44,61,"72,1",8,33,0,0,0,2024-09-15
Marcus Pedersen,Torino,16,NOR,WB,24-061,45,0,0,0,0,0,0,0,0,17,1,0,0,0.0,0.0,0.0,0,0,10,15,"66,7",0,10,2,1,1,2024-09-15
Borna Sosa,Torino,24,CRO,WB,26-238,45,0,0,0,0,0,0,0,0,20,0,1,1,0.0,0.0,0.0,0,0,13,18,"72,2",4,7,0,0,0,2024-09-15
Adam Masina,Torino,5,MAR,CB,30-257,90,0,0,0,0,0,0,0,0,87,2,3,1,0.0,0.0,0.0,0,0,64,71,"90,1",6,48,0,0,0,2024-09-15
Saúl Coco,Torino,23,EQG,CB,25-219,90,0,0,0,0,0,0,0,0,68,0,2,1,0.0,0.0,0.0,0,0,52,59,"88,1",2,29,0,0,0,2024-09-15
Mërgim Vojvoda,Torino,27,KVX,CB,29-227,19,0,0,0,0,0,0,0,0,12,1,0,2,0.0,0.0,0.0,1,0,7,8,"87,5",1,3,0,0,0,2024-09-15
Sebastian Walukiewicz,Torino,4,POL,CB,24-163,71,0,0,0,0,0,0,1,0,54,2,2,1,0.0,0.0,0.0,0,0,40,44,"90,9",4,24,1,1,1,2024-09-15
Vanja Milinković-Savić,Torino,32,SRB,GK,27-208,90,0,0,0,0,0,0,0,0,39,0,0,0,0.0,0.0,0.0,0,0,27,37,"73,0",0,22,0,0,0,2024-09-15
Nikola Krstović,Lecce,9,MNE,FW,24-163,90,0,0,0,0,10,5,0,0,33,0,0,0,0.7,0.7,0.0,5,0,10,16,"62,5",0,25,0,3,2,2024-09-15
Ante Rebić,Lecce,3,CRO,LW,30-360,60,0,0,0,0,1,0,0,0,35,0,0,0,0.1,0.1,0.6,4,0,17,27,"63,0",4,19,0,2,1,2024-09-15
Santiago Pierotti,Lecce,50,ARG,LW,23-165,30,0,0,0,0,1,0,0,0,19,0,0,1,0.0,0.0,0.3,2,0,10,15,"66,7",1,9,1,0,0,2024-09-15
Tete Morente,Lecce,7,ESP,RW,27-286,69,0,0,0,0,2,0,1,0,37,1,1,1,0.6,0.6,0.1,4,0,19,25,"76,0",2,19,1,2,0,2024-09-15
Hamza Rafia,Lecce,8,TUN,AM,25-166,21,0,0,0,0,0,0,1,0,12,1,0,0,0.0,0.0,0.0,0,0,9,11,"81,8",1,7,1,1,0,2024-09-15
Medon Berisha,Lecce,5,ALB,AM,20-330,69,0,0,0,0,2,1,0,0,36,1,0,0,0.1,0.1,0.1,6,0,29,33,"87,9",3,21,1,0,0,2024-09-15
Remi Oudin,Lecce,10,FRA,RW,27-302,21,0,0,0,0,1,0,0,0,12,0,1,0,0.0,0.0,0.1,1,0,5,10,"50,0",2,6,0,0,0,2024-09-15
Balthazar Pierret,Lecce,75,FRA,DM,24-123,45,0,0,0,0,0,0,1,0,28,1,0,1,0.0,0.0,0.0,0,0,21,25,"84,0",2,16,0,1,1,2024-09-15
Lassana Coulibaly,Lecce,29,MLI,DM,28-158,45,0,0,0,0,0,0,0,0,19,0,0,1,0.0,0.0,0.0,3,0,15,17,"88,2",2,11,0,1,1,2024-09-15
Ylber Ramadani,Lecce,20,ALB,DM,28-156,90,0,0,0,0,0,0,0,0,57,0,2,1,0.0,0.0,0.0,1,0,43,49,"87,8",4,43,0,3,2,2024-09-15
Antonino Gallo,Lecce,25,ITA,LB,24-254,90,0,0,0,0,1,0,0,0,47,1,0,0,0.0,0.0,0.1,4,0,25,41,"61,0",2,25,2,1,1,2024-09-15
Federico Baschirotto,Lecce,6,ITA,CB,27-361,90,0,0,0,0,0,0,0,0,48,0,2,0,0.0,0.0,0.0,0,0,39,41,"95,1",1,18,0,0,0,2024-09-15
Gaspar,Lecce,4,ANG,CB,26-354,90,0,0,0,0,1,0,0,0,58,1,2,0,0.0,0.0,0.0,0,0,38,47,"80,9",1,29,0,1,1,2024-09-15
Frederic Guilbert,Lecce,12,FRA,RB,29-266,90,0,0,0,0,1,0,0,0,55,1,0,2,0.1,0.1,0.0,2,0,37,48,"77,1",3,31,3,0,0,2024-09-15
Wladimiro Falcone,Lecce,30,ITA,GK,29-156,90,0,0,0,0,0,0,0,0,36,0,0,0,0.0,0.0,0.0,0,0,25,36,"69,4",0,24,0,0,0,2024-09-15
Roberto Piccoli,Cagliari,91,ITA,FW,23-232,77,0,0,0,0,3,1,0,0,25,0,0,0,0.2,0.2,0.0,3,0,10,13,"76,9",1,11,0,3,0,2024-09-15
Leonardo Pavoletti,Cagliari,30,ITA,FW,35-294,13,0,0,0,0,0,0,0,0,4,0,0,0,0.0,0.0,0.0,1,0,3,3,"100,0",0,1,0,0,0,2024-09-15
Gianluca Gaetano,Cagliari,70,ITA,AM,24-133,58,0,0,0,0,2,0,0,0,30,2,0,2,0.1,0.1,0.0,5,0,13,19,"68,4",2,15,1,4,2,2024-09-15
Kingstone Mutandwa,Cagliari,80,ZAM,AM,21-254,32,0,0,0,0,3,0,0,0,15,0,0,0,0.3,0.3,0.0,0,0,8,10,"80,0",0,9,0,1,0,2024-09-15
Zito Luvumbo,Cagliari,77,ANG,AM,22-190,90,0,0,0,0,1,0,0,0,24,0,0,0,0.1,0.1,0.1,3,0,9,19,"47,4",1,15,3,3,1,2024-09-15
Alessandro Deiola,Cagliari,14,ITA,CM,29-045,45,0,0,0,0,0,0,0,0,25,1,1,0,0.0,0.0,0.0,0,0,13,22,"59,1",2,6,0,0,0,2024-09-15
Michel Ndary Adopo,Cagliari,8,FRA,CM,24-058,45,0,0,0,0,0,0,0,0,23,0,1,0,0.0,0.0,0.0,1,0,21,22,"95,5",0,13,0,1,1,2024-09-15
Răzvan Marin,Cagliari,18,ROU,CM,28-115,76,0,0,0,0,2,1,0,0,46,1,0,0,0.1,0.1,0.2,6,0,31,42,"73,8",4,16,1,1,1,2024-09-15
Antoine Makoumbou,Cagliari,29,CGO,CM,26-059,14,0,0,0,0,0,0,0,0,20,2,0,0,0.0,0.0,0.0,0,0,16,19,"84,2",0,9,1,0,0,2024-09-15
Tommaso Augello,Cagliari,3,ITA,WB,30-016,90,0,0,0,0,0,0,0,0,60,3,0,0,0.0,0.0,0.1,3,0,38,50,"76,0",6,24,0,1,0,2024-09-15
Paulo Azzi,Cagliari,37,BRA,WB,30-062,58,0,0,0,0,2,1,0,0,35,1,1,2,0.0,0.0,0.1,3,0,17,25,"68,0",1,14,0,1,0,2024-09-15
Nadir Zortea,Cagliari,19,ITA,WB,25-088,32,0,0,0,0,1,0,0,0,20,0,0,1,0.0,0.0,0.0,0,0,14,17,"82,4",0,10,0,0,0,2024-09-15
Sebastiano Luperto,Cagliari,6,ITA,CB,28-009,90,0,0,0,0,1,1,0,0,57,1,2,1,0.1,0.1,0.3,2,0,42,48,"87,5",5,25,0,0,0,2024-09-15
Yerry Mina,Cagliari,26,COL,CB,29-358,90,0,0,0,0,4,1,1,0,101,7,0,4,0.2,0.2,0.0,2,0,62,75,"82,7",9,36,1,3,1,2024-09-15
Gabriele Zappa,Cagliari,28,ITA,CB,24-268,90,0,0,0,0,0,0,0,0,65,1,0,3,0.0,0.0,0.0,3,0,43,56,"76,8",6,29,0,3,1,2024-09-15
Simone Scuffet,Cagliari,22,ITA,GK,28-107,90,0,0,0,0,0,0,0,0,31,0,0,0,0.0,0.0,0.0,0,0,23,30,"76,7",0,15,0,0,0,2024-09-15
Romelu Lukaku,Napoli,11,BEL,FW,31-125,73,1,2,0,0,2,1,1,0,35,0,0,0,0.9,0.9,0.4,4,2,16,23,"69,6",3,23,1,2,1,2024-09-15
Giovanni Simeone,Napoli,18,ARG,FW,29-072,17,0,0,0,0,0,0,0,0,12,0,1,0,0.0,0.0,0.0,1,0,6,8,"75,0",0,5,1,0,0,2024-09-15
Khvicha Kvaratskhelia,Napoli,77,GEO,AM,23-216,73,1,1,0,0,3,1,0,0,45,3,0,1,0.3,0.3,0.8,5,1,21,29,"72,4",4,27,4,2,0,2024-09-15
Scott McTominay,Napoli,8,SCO,"LM,AM",27-282,17,0,0,0,0,0,0,0,0,14,1,1,0,0.0,0.0,0.0,0,0,9,12,"75,0",1,7,2,1,0,2024-09-15
Matteo Politano,Napoli,21,ITA,"AM,RM",31-043,80,0,0,0,0,2,1,0,0,43,0,0,0,0.1,0.1,0.1,5,1,25,35,"71,4",6,29,3,4,1,2024-09-15
David Neres,Napoli,7,BRA,RM,27-196,10,0,1,0,0,0,0,0,0,6,0,0,0,0.0,0.0,0.3,1,1,5,5,"100,0",0,0,0,0,0,2024-09-15
Stanislav Lobotka,Napoli,68,SVK,CM,29-295,73,0,0,0,0,1,0,1,0,65,1,1,0,0.0,0.0,0.0,2,0,44,53,"83,0",8,36,2,2,1,2024-09-15
Billy Gilmour,Napoli,6,SCO,CM,23-096,17,0,0,0,0,0,0,0,0,19,2,0,0,0.0,0.0,0.0,1,1,14,15,"93,3",1,8,0,0,0,2024-09-15
Andre-Frank Zambo Anguissa,Napoli,99,CMR,CM,28-304,90,0,0,0,0,0,0,0,0,78,4,2,1,0.0,0.0,0.4,1,0,58,69,"84,1",4,38,3,0,0,2024-09-15
Leonardo Spinazzola,Napoli,37,ITA,WB,31-174,63,0,0,0,0,0,0,0,0,28,0,0,3,0.0,0.0,0.0,1,0,11,21,"52,4",3,9,1,2,2,2024-09-15
Mathías Olivera,Napoli,17,URU,"LB,WB",26-320,27,0,0,0,0,0,0,0,0,16,0,0,0,0.0,0.0,0.0,0,0,12,14,"85,7",0,10,0,0,0,2024-09-15
Pasquale Mazzocchi,Napoli,30,ITA,"WB,RB",29-050,90,0,0,0,0,0,0,0,0,50,2,2,0,0.0,0.0,0.0,0,0,26,35,"74,3",1,22,1,4,1,2024-09-15
Alessandro Buongiorno,Napoli,4,ITA,CB,25-101,90,1,0,0,0,1,1,0,0,49,3,1,4,0.3,0.3,0.0,0,0,25,34,"73,5",3,19,0,0,0,2024-09-15
Amir Rrahmani,Napoli,13,KVX,CB,30-204,90,0,0,0,0,2,0,0,0,54,3,0,0,0.3,0.3,0.0,0,0,33,38,"86,8",4,11,0,0,0,2024-09-15
Giovanni Di Lorenzo,Napoli,22,ITA,CB,31-042,90,1,0,0,0,2,1,0,0,54,5,2,0,0.1,0.1,0.0,1,1,36,40,"90,0",4,19,0,2,0,2024-09-15
Alex Meret,Napoli,1,ITA,GK,27-177,90,0,0,0,0,0,0,0,0,27,0,0,0,0.0,0.0,0.0,0,0,11,23,"47,8",0,10,0,0,0,2024-09-15
Milan Đurić,Monza,11,BIH,FW,34-116,90,0,0,0,0,1,0,0,0,37,0,0,0,0.1,0.1,0.0,0,0,19,31,"61,3",3,14,1,2,2,2024-09-15
Gianluca Caprari,Monza,10,ITA,AM,31-047,61,0,0,0,0,0,0,0,0,33,1,1,1,0.0,0.0,0.0,0,0,21,24,"87,5",2,23,3,2,1,2024-09-15
Dany Mota,Monza,47,POR,AM,26-136,29,1,0,0,0,1,1,1,0,12,0,0,0,0.1,0.1,0.0,2,0,7,9,"77,8",0,8,1,2,2,2024-09-15
Daniel Maldini,Monza,14,ITA,AM,22-340,71,0,0,0,0,1,1,0,0,37,2,0,1,0.0,0.0,0.1,1,0,18,24,"75,0",1,23,4,3,2,2024-09-15
Alessandro Bianco,Monza,42,ITA,CM,21-350,19,0,0,0,0,0,0,0,0,5,0,0,0,0.0,0.0,0.0,0,0,5,5,"100,0",0,1,0,0,0,2024-09-15
Warren Bondo,Monza,38,FRA,CM,21-000,90,0,0,0,0,1,0,0,0,33,0,0,2,0.0,0.0,0.0,0,0,22,24,"91,7",0,19,0,2,1,2024-09-15
Matteo Pessina,Monza,32,ITA,"CM,AM",27-147,90,0,0,0,0,1,0,0,0,56,0,4,2,0.0,0.0,0.0,1,1,39,47,"83,0",1,36,2,3,0,2024-09-15
Giorgos Kyriakopoulos,Monza,77,GRE,WB,28-223,90,0,0,0,0,0,0,0,0,54,5,2,0,0.0,0.0,0.0,2,0,32,43,"74,4",1,26,4,1,0,2024-09-15
Pedro Pereira,Monza,13,POR,WB,26-237,90,0,0,0,0,0,0,0,0,39,2,0,0,0.0,0.0,0.0,1,0,20,28,"71,4",3,16,1,2,1,2024-09-15
Andrea Carboni,Monza,44,ITA,CB,23-224,90,0,0,0,0,0,0,0,0,59,3,1,1,0.0,0.0,0.0,0,0,45,50,"90,0",2,34,1,0,0,2024-09-15
Pablo Marí,Monza,22,ESP,CB,31-015,90,0,0,0,0,0,0,0,0,62,0,3,1,0.0,0.0,0.0,0,0,49,50,"98,0",0,31,0,1,1,2024-09-15
Armando Izzo,Monza,4,ITA,CB,32-197,90,0,1,0,0,0,0,0,0,60,0,1,1,0.0,0.0,0.1,2,1,44,49,"89,8",3,35,3,1,1,2024-09-15
Stefano Turati,Monza,30,ITA,GK,23-010,90,0,0,0,0,0,0,0,0,44,0,0,0,0.0,0.0,0.0,1,0,29,42,"69,0",0,19,0,0,0,2024-09-15
Lautaro Martínez,Internazionale,10,ARG,FW,27-024,55,0,0,0,0,2,0,0,0,16,0,0,0,0.2,0.2,0.0,0,0,6,9,"66,7",0,9,0,1,0,2024-09-15
Mehdi Taremi,Internazionale,99,IRN,"AM,FW",32-059,35,0,0,0,0,1,0,0,0,15,0,0,1,0.0,0.0,0.0,2,1,10,13,"76,9",0,8,0,0,0,2024-09-15
Marcus Thuram,Internazionale,9,FRA,FW,27-040,73,0,0,0,0,1,0,0,0,17,0,0,2,0.1,0.1,0.0,0,0,10,12,"83,3",3,8,2,0,0,2024-09-15
Marko Arnautović,Internazionale,8,AUT,FW,35-149,17,0,0,0,0,0,0,0,0,5,0,0,0,0.0,0.0,0.0,1,0,4,5,"80,0",1,2,0,0,0,2024-09-15
Henrikh Mkhitaryan,Internazionale,22,ARM,CM,35-238,55,0,0,0,0,0,0,0,0,57,3,0,0,0.0,0.0,0.0,3,0,38,52,"73,1",4,26,1,1,0,2024-09-15
Piotr Zieliński,Internazionale,7,POL,CM,30-118,35,0,0,0,0,2,0,0,0,56,2,0,0,0.1,0.1,0.1,5,0,44,52,"84,6",9,28,4,0,0,2024-09-15
Kristjan Asllani,Internazionale,21,ALB,CM,22-190,73,0,0,0,0,1,0,0,0,103,3,1,1,0.0,0.0,0.1,3,0,86,95,"90,5",7,70,3,0,0,2024-09-15
Joaquín Correa,Internazionale,11,ARG,AM,30-033,17,0,0,0,0,0,0,0,0,8,1,0,0,0.0,0.0,0.0,2,1,5,6,"83,3",2,4,0,0,0,2024-09-15
Davide Frattesi,Internazionale,16,ITA,CM,24-329,90,0,0,0,0,3,0,0,0,34,2,0,0,0.4,0.4,0.0,1,0,25,28,"89,3",1,15,2,1,1,2024-09-15
Federico Dimarco,Internazionale,32,ITA,WB,26-310,90,0,0,0,0,2,0,0,0,84,0,1,0,0.1,0.1,0.7,7,0,62,78,"79,5",5,41,0,0,0,2024-09-15
Matteo Darmian,Internazionale,36,ITA,WB,34-288,55,0,0,0,0,0,0,0,0,31,2,0,0,0.0,0.0,0.0,0,0,23,28,"82,1",0,8,0,0,0,2024-09-15
Denzel Dumfries,Internazionale,2,NED,WB,28-150,35,1,0,0,0,2,2,1,0,18,0,0,0,0.6,0.6,0.0,0,0,7,13,"53,8",1,4,0,3,0,2024-09-15
Carlos Augusto,Internazionale,30,BRA,CB,25-252,90,0,0,0,0,0,0,0,0,82,0,1,1,0.0,0.0,0.0,1,0,67,71,"94,4",8,40,3,1,0,2024-09-15
Stefan de Vrij,Internazionale,6,NED,CB,32-223,90,0,0,0,0,0,0,0,0,107,0,0,0,0.0,0.0,0.0,0,0,96,103,"93,2",11,65,1,0,0,2024-09-15
Benjamin Pavard,Internazionale,28,FRA,CB,28-171,90,0,0,0,0,2,0,1,0,74,2,1,1,0.2,0.2,0.1,4,0,58,63,"92,1",7,37,1,1,0,2024-09-15
Yann Sommer,Internazionale,1,SUI,GK,35-273,90,0,0,0,0,0,0,0,0,16,0,0,0,0.0,0.0,0.0,0,0,15,16,"93,8",0,8,0,0,0,2024-09-15
Ange-Yoan Bonny,Parma,13,FRA,FW,20-327,90,1,0,0,0,2,1,0,0,27,2,0,0,0.5,0.5,0.0,0,0,12,18,"66,7",0,11,0,0,0,2024-09-16
Matteo Cancellieri,Parma,22,ITA,"LW,AM",22-217,54,0,0,0,0,1,0,0,0,20,1,1,1,0.1,0.1,0.0,0,0,5,12,"41,7",1,12,2,5,3,2024-09-16
Mandela Keita,Parma,16,BEL,DM,22-129,18,0,0,0,0,0,0,2,1,6,0,0,0,0.0,0.0,0.0,0,0,5,6,"83,3",0,3,0,0,0,2024-09-16
Dennis Man,Parma,98,ROU,RW,26-021,69,0,1,0,0,1,1,0,0,27,1,0,0,0.0,0.0,0.5,3,2,17,21,"81,0",2,13,1,1,1,2024-09-16
Pontus Almqvist,Parma,11,SWE,RW,25-068,21,0,0,0,0,0,0,0,0,9,0,1,0,0.0,0.0,0.0,0,0,5,7,"71,4",0,2,0,0,0,2024-09-16
Valentin Mihaila,Parma,28,ROU,"AM,LW",24-227,87,0,1,0,0,2,0,0,0,31,0,0,1,0.1,0.1,0.2,3,1,18,21,"85,7",1,16,2,2,1,2024-09-16
Drissa Camara,Parma,23,CIV,LW,22-211,3,0,0,0,0,1,0,0,0,1,0,0,0,0.0,0.0,0.0,0,0,0,0,,0,0,0,0,0,2024-09-16
Simon Sohm,Parma,19,SUI,"DM,AM",23-158,69,0,0,0,0,0,0,0,0,20,1,1,0,0.0,0.0,0.0,0,0,13,16,"81,3",0,9,1,0,0,2024-09-16
Hernani,Parma,27,BRA,"DM,AM",30-173,21,0,0,0,0,1,0,0,0,21,0,0,0,0.0,0.0,0.0,0,0,12,19,"63,2",2,9,0,0,0,2024-09-16
Adrian Bernabe,Parma,10,ESP,DM,23-113,90,0,0,0,0,0,0,0,0,60,0,0,1,0.0,0.0,0.0,3,0,47,56,"83,9",4,28,0,2,1,2024-09-16
Woyo Coulibaly,Parma,26,FRA,LB,25-119,90,0,0,0,0,0,0,0,0,57,1,0,1,0.0,0.0,0.0,2,0,45,50,"90,0",4,33,1,0,0,2024-09-16
Alessandro Circati,Parma,39,AUS,CB,20-342,90,0,0,0,0,0,0,0,0,76,0,0,1,0.0,0.0,0.0,1,0,55,66,"83,3",3,42,0,0,0,2024-09-16
Botond Balogh,Parma,4,HUN,CB,22-102,87,0,0,0,0,0,0,0,0,63,1,1,1,0.0,0.0,0.0,0,0,48,52,"92,3",1,32,0,0,0,2024-09-16
Antoine Hainaut,Parma,20,FRA,RB,22-211,3,0,0,0,0,0,0,0,0,5,1,0,0,0.0,0.0,0.0,0,0,4,4,"100,0",0,2,0,0,0,2024-09-16
Enrico Del Prato,Parma,15,ITA,"RB,CB",24-311,90,1,0,0,0,1,1,0,0,59,0,0,1,0.1,0.1,0.0,3,1,42,51,"82,4",2,29,0,0,0,2024-09-16
Leandro Chichizola,Parma,1,ARG,GK,34-173,90,0,0,0,0,0,0,0,0,54,0,0,0,0.0,0.0,0.0,2,0,37,50,"74,0",1,30,0,0,0,2024-09-16
Lorenzo Lucca,Udinese,17,ITA,FW,24-006,65,1,0,0,0,3,1,0,0,13,0,0,0,0.3,0.3,0.0,0,0,7,8,"87,5",1,4,0,0,0,2024-09-16
Keinan Davis,Udinese,9,ENG,FW,26-216,25,0,1,0,0,1,0,1,0,20,1,0,0,0.2,0.2,1.4,4,1,9,13,"69,2",1,8,1,2,1,2024-09-16
Florian Thauvin,Udinese,10,FRA,FW,31-234,84,2,0,0,0,5,3,0,0,56,1,0,0,1.5,1.5,0.1,6,0,26,43,"60,5",7,28,7,3,2,2024-09-16
Brenner,Udinese,22,BRA,FW,24-244,6,0,0,0,0,1,1,0,0,4,0,0,0,0.1,0.1,0.0,1,0,3,3,"100,0",0,4,1,0,0,2024-09-16
Martín Payero,Udinese,5,ARG,CM,26-005,45,0,0,0,0,1,0,0,0,19,0,0,0,0.0,0.0,0.0,2,0,11,13,"84,6",0,12,1,2,1,2024-09-16
Jurgen Ekkelenkamp,Udinese,32,NED,CM,24-164,45,0,0,0,0,2,1,0,0,33,1,0,1,0.3,0.3,0.0,1,1,27,31,"87,1",3,12,2,1,1,2024-09-16
Jesper Karlström,Udinese,25,SWE,CM,29-087,90,0,0,0,0,1,0,0,0,53,1,2,0,0.0,0.0,0.0,1,0,40,46,"87,0",7,21,2,0,0,2024-09-16
Sandi Lovrić,Udinese,8,SVN,CM,26-172,65,0,0,0,0,2,0,0,0,38,2,1,0,0.2,0.2,0.0,5,1,27,35,"77,1",8,19,0,0,0,2024-09-16
Oier Zarraga,Udinese,6,ESP,CM,25-256,25,0,0,0,0,0,0,0,0,19,0,0,0,0.0,0.0,0.2,1,0,15,16,"93,8",2,9,1,1,1,2024-09-16
Hassane Kamara,Udinese,11,CIV,LB,30-195,90,0,1,0,0,1,0,0,0,58,1,3,1,0.0,0.0,0.5,5,1,40,47,"85,1",2,28,5,1,0,2024-09-16
Lautaro Gianetti,Udinese,30,ARG,CB,30-308,45,0,0,0,0,0,0,1,0,38,3,3,0,0.0,0.0,0.0,0,0,26,31,"83,9",0,19,0,0,0,2024-09-16
Christian Kabasele,Udinese,27,BEL,CB,33-205,45,0,0,0,0,0,0,0,0,30,2,2,1,0.0,0.0,0.0,1,0,22,23,"95,7",2,16,0,0,0,2024-09-16
Jaka Bijol,Udinese,29,SVN,CB,25-224,90,0,0,0,0,0,0,0,0,62,0,2,1,0.0,0.0,0.0,1,0,47,53,"88,7",2,36,0,0,0,2024-09-16
Thomas Kristensen,Udinese,31,DEN,CB,22-243,90,0,0,0,0,0,0,0,0,67,2,0,0,0.0,0.0,0.0,1,0,60,66,"90,9",1,34,0,0,0,2024-09-16
Kingsley Ehizibue,Udinese,19,NED,RB,29-114,90,0,0,0,0,1,0,1,0,37,0,1,0,0.0,0.0,0.2,5,0,25,34,"73,5",2,15,1,0,0,2024-09-16
Maduka Okoye,Udinese,40,NGA,GK,25-019,90,0,0,0,0,0,0,0,0,39,0,0,0,0.0,0.0,0.0,0,0,33,38,"86,8",0,19,0,0,0,2024-09-16
Valentín Castellanos,Lazio,11,ARG,FW,25-349,65,1,0,0,0,2,1,0,0,21,0,0,2,0.3,0.3,0.0,1,1,7,15,"46,7",1,8,1,1,1,2024-09-16
Gaetano Castrovilli,Lazio,22,ITA,AM,27-212,25,0,0,0,0,1,0,0,0,13,1,1,0,0.0,0.0,0.0,1,0,8,9,"88,9",1,9,2,1,0,2024-09-16
Mattia Zaccagni,Lazio,10,ITA,LW,29-092,89,0,2,0,0,2,1,0,0,43,1,1,1,0.6,0.6,0.4,5,2,21,32,"65,6",5,28,1,3,2,2024-09-16
Tijjani Noslin,Lazio,14,NED,LW,25-071,1,0,0,0,0,0,0,0,0,2,0,0,0,0.0,0.0,0.0,1,0,1,2,"50,0",0,0,0,0,0,2024-09-16
Gustav Isaksen,Lazio,18,DEN,RW,23-150,65,0,0,0,0,1,0,0,0,37,0,0,1,0.0,0.0,0.0,0,0,24,33,"72,7",0,21,2,1,0,2024-09-16
Loum Tchaouna,Lazio,20,FRA,RW,21-008,25,0,0,0,0,2,1,0,0,8,1,0,0,0.0,0.0,0.0,1,0,3,5,"60,0",0,3,1,0,0,2024-09-16
Boulaye Dia,Lazio,19,SEN,"AM,FW",27-305,90,1,0,0,0,2,2,0,0,37,1,0,0,0.1,0.1,0.6,5,0,26,28,"92,9",4,21,4,4,4,2024-09-16
Nicolò Rovella,Lazio,6,ITA,DM,22-287,80,0,0,0,0,1,1,1,0,69,3,0,1,0.0,0.0,0.0,2,0,60,64,"93,8",5,36,3,0,0,2024-09-16
Matías Vecino,Lazio,5,URU,DM,33-023,10,0,0,0,0,0,0,0,0,8,0,0,0,0.0,0.0,0.0,0,0,7,8,"87,5",0,3,0,0,0,2024-09-16
Mattéo Guendouzi,Lazio,8,FRA,DM,25-155,90,0,0,0,0,0,0,0,0,72,3,1,0,0.0,0.0,0.0,2,0,56,60,"93,3",8,46,2,1,1,2024-09-16
Nuno Tavares,Lazio,30,POR,LB,24-234,90,0,0,0,0,3,1,0,0,66,1,0,0,0.3,0.3,0.0,5,1,42,53,"79,2",3,38,5,4,2,2024-09-16
Alessio Romagnoli,Lazio,13,ITA,CB,29-248,90,0,0,0,0,0,0,0,0,75,1,0,0,0.0,0.0,0.0,1,0,68,73,"93,2",1,45,0,0,0,2024-09-16
Mario Gila,Lazio,34,ESP,CB,24-018,90,0,0,0,0,0,0,1,0,89,2,1,0,0.0,0.0,0.0,1,0,71,80,"88,8",10,63,3,0,0,2024-09-16
Manuel Lazzari,Lazio,29,ITA,RB,30-292,88,0,0,0,0,0,0,0,0,48,1,0,1,0.0,0.0,0.0,0,0,33,42,"78,6",3,26,5,2,0,2024-09-16
Adam Marušić,Lazio,77,MNE,RB,31-335,2,0,0,0,0,0,0,0,0,1,0,0,0,0.0,0.0,0.0,0,0,0,0,,0,0,0,0,0,2024-09-16
Ivan Provedel,Lazio,94,ITA,GK,30-183,90,0,0,0,0,0,0,0,0,43,0,0,0,0.0,0.0,0.0,0,0,33,42,"78,6",0,33,0,0,0,2024-09-16
Casper Tengstedt,Hellas Verona,11,DEN,"FW,RW",24-107,90,1,0,0,0,1,1,1,0,26,0,1,1,0.5,0.5,0.0,0,0,10,15,"66,7",1,11,3,1,0,2024-09-16
Abdou Harroui,Hellas Verona,18,NED,LW,26-247,66,0,0,0,0,1,0,0,0,30,1,0,0,0.0,0.0,0.0,0,0,11,19,"57,9",1,17,3,2,0,2024-09-16
Faride Alidou,Hellas Verona,29,GER,LW,23-060,24,0,0,0,0,1,0,0,0,13,0,0,1,0.0,0.0,0.0,2,0,5,6,"83,3",0,8,0,3,2,2024-09-16
Grigoris Kastanos,Hellas Verona,20,CYP,RW,26-230,52,0,1,0,0,0,0,0,0,17,1,0,1,0.0,0.0,0.5,1,1,5,13,"38,5",2,7,1,1,0,2024-09-16
Daniel Mosquera,Hellas Verona,35,COL,FW,24-332,38,0,0,0,0,1,0,0,0,10,0,0,0,0.0,0.0,0.0,0,0,5,6,"83,3",0,9,0,2,1,2024-09-16
Darko Lazović,Hellas Verona,8,SRB,LM,34-001,66,0,0,0,0,0,0,0,0,45,1,0,1,0.0,0.0,0.1,1,0,28,38,"73,7",3,17,2,1,0,2024-09-16
Davide Faraoni,Hellas Verona,5,ITA,RM,32-327,24,0,0,0,0,0,0,0,0,15,1,0,0,0.0,0.0,0.0,0,0,8,13,"61,5",0,7,1,0,0,2024-09-16
Daniel Bandeira,Hellas Verona,21,POR,CM,24-158,88,0,0,0,0,0,0,0,0,65,2,2,0,0.0,0.0,0.0,1,0,50,59,"84,7",7,31,0,0,0,2024-09-16
Alphadjo Cissè,Hellas Verona,80,ITA,CM,17-330,2,0,0,0,0,1,1,0,0,8,0,0,0,0.0,0.0,0.0,1,0,5,6,"83,3",1,3,0,0,0,2024-09-16
Reda Belahyane,Hellas Verona,6,FRA,CM,20-107,90,0,0,0,0,0,0,0,0,52,2,1,1,0.0,0.0,0.0,1,0,39,48,"81,3",8,34,0,3,2,2024-09-16
Jackson Tchatchoua,Hellas Verona,38,CMR,"RM,LM",23-002,90,0,0,0,0,1,0,1,0,40,0,1,1,0.0,0.0,0.0,3,0,23,32,"71,9",2,16,3,1,1,2024-09-16
Paweł Dawidowicz,Hellas Verona,27,POL,CB,29-119,90,0,0,0,0,0,0,0,0,68,1,1,0,0.0,0.0,0.0,0,0,58,61,"95,1",4,39,0,0,0,2024-09-16
Diego Coppola,Hellas Verona,42,ITA,CB,20-263,90,0,0,0,0,0,0,0,0,73,1,1,1,0.0,0.0,0.0,1,1,61,68,"89,7",1,45,0,0,0,2024-09-16
Flavius Daniliuc,Hellas Verona,4,AUT,CB,23-142,88,0,0,0,0,1,0,0,0,44,0,0,0,0.1,0.1,0.0,2,0,35,41,"85,4",1,27,0,0,0,2024-09-16
Amin Sarr,Hellas Verona,9,SWE,CB,23-189,2,0,0,0,0,0,0,0,0,5,1,0,0,0.0,0.0,0.0,0,0,1,2,"50,0",0,2,0,1,1,2024-09-16
Lorenzo Montipò,Hellas Verona,1,ITA,GK,28-209,90,0,0,0,0,0,0,0,0,28,0,0,0,0.0,0.0,0.0,0,0,17,24,"70,8",0,6,0,0,0,2024-09-16
